<?xml version="1.0" encoding="UTF-8"?>
<GenRun Id="impl_1" LaunchPart="xc7k70tfbv676-1" LaunchTime="1751209678">
  <File Type="OPT-HWDEF" Name="UniversalShifter.hwdef"/>
  <File Type="ROUTE-BUS-SKEW" Name="UniversalShifter_bus_skew_routed.rpt"/>
  <File Type="PA-DCP" Name="UniversalShifter.dcp"/>
  <File Type="BITSTR-BMM" Name="UniversalShifter_bd.bmm"/>
  <File Type="ROUTE-PWR" Name="UniversalShifter_power_routed.rpt"/>
  <File Type="PA-TCL" Name="UniversalShifter.tcl"/>
  <File Type="REPORTS-TCL" Name="UniversalShifter_reports.tcl"/>
  <File Type="ROUTE-PWR-SUM" Name="UniversalShifter_power_summary_routed.pb"/>
  <File Type="OPT-DCP" Name="UniversalShifter_opt.dcp"/>
  <File Type="OPT-DRC" Name="UniversalShifter_drc_opted.rpt"/>
  <File Type="PWROPT-DCP" Name="UniversalShifter_pwropt.dcp"/>
  <File Type="PLACE-DCP" Name="UniversalShifter_placed.dcp"/>
  <File Type="PLACE-IO" Name="UniversalShifter_io_placed.rpt"/>
  <File Type="PLACE-UTIL" Name="UniversalShifter_utilization_placed.rpt"/>
  <File Type="PLACE-UTIL-PB" Name="UniversalShifter_utilization_placed.pb"/>
  <File Type="PLACE-CTRL" Name="UniversalShifter_control_sets_placed.rpt"/>
  <File Type="PLACE-PRE-SIMILARITY" Name="UniversalShifter_incremental_reuse_pre_placed.rpt"/>
  <File Type="POSTPLACE-PWROPT-DCP" Name="UniversalShifter_postplace_pwropt.dcp"/>
  <File Type="BG-BIN" Name="UniversalShifter.bin"/>
  <File Type="PHYSOPT-DCP" Name="UniversalShifter_physopt.dcp"/>
  <File Type="BITSTR-MSK" Name="UniversalShifter.msk"/>
  <File Type="ROUTE-ERROR-DCP" Name="UniversalShifter_routed_error.dcp"/>
  <File Type="ROUTE-DCP" Name="UniversalShifter_routed.dcp"/>
  <File Type="ROUTE-BLACKBOX-DCP" Name="UniversalShifter_routed_bb.dcp"/>
  <File Type="ROUTE-DRC" Name="UniversalShifter_drc_routed.rpt"/>
  <File Type="ROUTE-DRC-PB" Name="UniversalShifter_drc_routed.pb"/>
  <File Type="BITSTR-LTX" Name="UniversalShifter.ltx"/>
  <File Type="ROUTE-DRC-RPX" Name="UniversalShifter_drc_routed.rpx"/>
  <File Type="BITSTR-MMI" Name="UniversalShifter.mmi"/>
  <File Type="ROUTE-METHODOLOGY-DRC" Name="UniversalShifter_methodology_drc_routed.rpt"/>
  <File Type="ROUTE-METHODOLOGY-DRC-RPX" Name="UniversalShifter_methodology_drc_routed.rpx"/>
  <File Type="BITSTR-SYSDEF" Name="UniversalShifter.sysdef"/>
  <File Type="ROUTE-METHODOLOGY-DRC-PB" Name="UniversalShifter_methodology_drc_routed.pb"/>
  <File Type="ROUTE-PWR-RPX" Name="UniversalShifter_power_routed.rpx"/>
  <File Type="ROUTE-STATUS" Name="UniversalShifter_route_status.rpt"/>
  <File Type="ROUTE-STATUS-PB" Name="UniversalShifter_route_status.pb"/>
  <File Type="ROUTE-TIMINGSUMMARY" Name="UniversalShifter_timing_summary_routed.rpt"/>
  <File Type="ROUTE-TIMING-PB" Name="UniversalShifter_timing_summary_routed.pb"/>
  <File Type="ROUTE-TIMING-RPX" Name="UniversalShifter_timing_summary_routed.rpx"/>
  <File Type="RDI-RDI" Name="UniversalShifter.vdi"/>
  <File Type="ROUTE-CLK" Name="UniversalShifter_clock_utilization_routed.rpt"/>
  <File Type="ROUTE-BUS-SKEW-PB" Name="UniversalShifter_bus_skew_routed.pb"/>
  <File Type="ROUTE-BUS-SKEW-RPX" Name="UniversalShifter_bus_skew_routed.rpx"/>
  <File Type="POSTROUTE-PHYSOPT-DCP" Name="UniversalShifter_postroute_physopt.dcp"/>
  <File Type="POSTROUTE-PHYSOPT-BLACKBOX-DCP" Name="UniversalShifter_postroute_physopt_bb.dcp"/>
  <File Type="BG-BIT" Name="UniversalShifter.bit"/>
  <File Type="BITSTR-RBT" Name="UniversalShifter.rbt"/>
  <File Type="BITSTR-NKY" Name="UniversalShifter.nky"/>
  <File Type="BG-BGN" Name="UniversalShifter.bgn"/>
  <File Type="BG-DRC" Name="UniversalShifter.drc"/>
  <File Type="WBT-USG" Name="usage_statistics_webtalk.html"/>
  <FileSet Name="sources" Type="DesignSrcs" RelSrcDir="$PSRCDIR/sources_1">
    <Filter Type="Srcs"/>
    <File Path="$PPRDIR/../../design/mux4to1.v">
      <FileInfo>
        <Attr Name="UsedIn" Val="synthesis"/>
        <Attr Name="UsedIn" Val="implementation"/>
        <Attr Name="UsedIn" Val="simulation"/>
      </FileInfo>
    </File>
    <File Path="$PPRDIR/../../design/D_ff.sv">
      <FileInfo>
        <Attr Name="UsedIn" Val="synthesis"/>
        <Attr Name="UsedIn" Val="implementation"/>
        <Attr Name="UsedIn" Val="simulation"/>
      </FileInfo>
    </File>
    <File Path="$PPRDIR/../../design/UniversalShifter.v">
      <FileInfo>
        <Attr Name="UsedIn" Val="synthesis"/>
        <Attr Name="UsedIn" Val="implementation"/>
        <Attr Name="UsedIn" Val="simulation"/>
      </FileInfo>
    </File>
    <Config>
      <Option Name="DesignMode" Val="RTL"/>
      <Option Name="TopModule" Val="UniversalShifter"/>
      <Option Name="TopAutoSet" Val="TRUE"/>
    </Config>
  </FileSet>
  <FileSet Name="constrs_in" Type="Constrs" RelSrcDir="$PSRCDIR/constrs_1">
    <Filter Type="Constrs"/>
    <Config>
      <Option Name="ConstrsType" Val="XDC"/>
    </Config>
  </FileSet>
  <FileSet Name="utils" Type="Utils" RelSrcDir="$PSRCDIR/utils_1">
    <Filter Type="Utils"/>
    <Config>
      <Option Name="TopAutoSet" Val="TRUE"/>
    </Config>
  </FileSet>
  <Strategy Version="1" Minor="2">
    <StratHandle Name="Vivado Implementation Defaults" Flow="Vivado Implementation 2019"/>
    <Step Id="init_design"/>
    <Step Id="opt_design"/>
    <Step Id="power_opt_design"/>
    <Step Id="place_design"/>
    <Step Id="post_place_power_opt_design"/>
    <Step Id="phys_opt_design"/>
    <Step Id="route_design"/>
    <Step Id="post_route_phys_opt_design"/>
    <Step Id="write_bitstream"/>
  </Strategy>
</GenRun>
